{
    "metadata": {
        "generator": "io_three",
        "version": 4.4,
        "type": "Object"
    },
    "geometries": [{
        "materials": [{
            "doubleSided": true,
            "DbgIndex": 0,
            "colorEmissive": [0,0,0],
            "DbgName": "IcosahedronDefault",
            "wireframe": false,
            "opacity": 1,
            "colorAmbient": [0.690196,0.690196,0.690196],
            "colorSpecular": [0.5,0.5,0.5],
            "depthWrite": true,
            "specularCoef": 50,
            "blending": "NormalBlending",
            "colorDiffuse": [0.690196,0.690196,0.690196],
            "DbgColor": 15658734,
            "visible": true,
            "transparent": false,
            "depthTest": true,
            "shading": "phong"
        }],
        "uuid": "0ADB5C52-B40D-38E4-8E6F-E6007D3B6F40",
        "data": {
            "metadata": {
                "generator": "io_three",
                "bones": 0,
                "version": 3,
                "normals": 56,
                "faces": 54,
                "uvs": 1,
                "materials": 1,
                "vertices": 56,
                "morphTargets": 0
            },
            "skinWeights": [],
            "name": "IcosahedronGeometry",
            "faces": [43,11,29,4,30,0,0,1,2,3,0,1,2,3,43,0,31,11,30,0,4,5,0,3,4,5,0,3,43,11,31,10,29,0,0,5,6,1,0,5,6,1,43,12,32,9,33,0,7,8,9,10,7,8,9,10,43,0,34,12,33,0,4,11,7,10,4,11,7,10,43,12,34,6,32,0,7,11,12,8,7,11,12,8,43,13,35,10,31,0,13,14,6,5,13,14,6,5,43,0,33,13,31,0,4,10,13,5,4,10,13,5,43,13,33,9,35,0,13,10,9,14,13,10,9,14,43,14,36,8,37,0,15,16,17,18,15,16,17,18,43,0,30,14,37,0,19,20,15,18,4,3,15,18,43,14,30,4,36,0,15,20,2,16,15,3,2,16,43,15,38,3,39,0,21,22,23,24,19,20,21,22,43,15,39,4,29,0,21,24,2,1,19,22,2,1,43,15,29,10,38,0,21,1,6,22,19,1,6,20,43,16,40,1,41,0,25,26,27,28,23,24,25,26,43,16,41,10,35,0,25,28,6,14,23,26,6,14,43,16,35,9,40,0,25,14,9,26,23,14,9,24,43,17,42,5,43,0,29,30,31,32,27,28,29,30,43,17,43,9,32,0,29,32,9,8,27,30,9,8,43,17,32,6,42,0,29,8,12,30,27,8,12,28,43,18,44,7,45,0,33,34,35,36,31,32,33,34,43,18,45,6,34,0,33,36,12,37,31,34,12,11,43,0,44,18,34,0,38,34,33,37,4,32,31,11,43,19,46,3,47,0,39,40,23,41,35,36,21,37,43,19,47,2,48,0,39,41,42,43,35,37,38,39,43,19,48,8,46,0,39,43,17,40,35,39,17,36,43,20,49,1,50,0,44,45,27,46,40,41,25,42,43,20,50,2,47,0,44,46,42,41,40,42,38,37,43,20,47,3,49,0,44,41,23,45,40,37,21,41,43,21,51,5,52,0,47,48,31,49,43,44,29,45,43,21,52,2,50,0,47,49,50,51,43,45,38,42,43,21,50,1,51,0,47,51,27,48,43,42,25,44,43,22,53,7,54,0,52,53,35,54,46,47,33,48,43,22,54,2,52,0,52,54,50,49,46,48,38,45,43,22,52,5,53,0,52,49,31,53,46,45,29,47,43,23,55,8,48,0,55,56,17,43,49,50,17,39,43,23,48,2,54,0,55,43,42,57,49,39,38,48,43,23,54,7,55,0,55,57,58,56,49,48,33,50,43,24,36,4,39,0,59,16,2,24,51,16,2,22,43,24,39,3,46,0,59,24,23,40,51,22,21,36,43,24,46,8,36,0,59,40,17,16,51,36,17,16,43,25,38,10,41,0,60,22,6,28,52,20,6,26,43,25,41,1,49,0,60,28,27,45,52,26,25,41,43,25,49,3,38,0,60,45,23,22,52,41,21,20,43,26,40,9,43,0,61,26,9,32,53,24,9,30,43,26,43,5,51,0,61,32,31,48,53,30,29,44,43,26,51,1,40,0,61,48,27,26,53,44,25,24,43,27,42,6,45,0,62,30,12,36,54,28,12,34,43,27,45,7,53,0,62,36,35,53,54,34,33,47,43,27,53,5,42,0,62,53,31,30,54,47,29,28,43,0,37,28,44,0,19,18,63,64,4,18,55,32,43,28,37,8,55,0,63,18,17,56,55,18,17,50,43,28,55,7,44,0,63,56,58,64,55,50,33,32],
            "vertices": [-0.003175,0.132031,0.365993,-0.269753,0.002112,-0.523163,0.252574,-0.004263,-0.499148,0.007715,-0.411636,-0.51863,-0.002628,-0.220685,0.320544,0.008314,0.445478,-0.510974,0.010778,0.282708,0.113772,0.156035,0.259453,-0.021551,0.139986,-0.251737,-0.010298,-0.216563,0.252402,0.016409,-0.126753,-0.120184,0.020564,-0.112616,-0.126078,0.260873,-0.09459,0.210322,0.222957,-0.178182,0.044011,0.186894,0.095668,-0.135599,0.274194,-0.103601,-0.308519,-0.048396,-0.231314,0.00384,-0.157374,-0.078493,0.334184,-0.109763,0.077281,0.244998,0.239872,0.186622,-0.219101,-0.352227,-0.012062,-0.141566,-0.486629,-0.024905,0.152742,-0.49925,0.147252,0.225978,-0.341159,0.256583,0.012395,-0.167533,0.0827,-0.321996,-0.061563,-0.163675,-0.249133,-0.356415,-0.160532,0.228692,-0.334797,0.071964,0.3029,-0.138386,0.166263,0.050887,0.183404,-0.087918,-0.203587,0.158842,0.022378,-0.032712,0.403656,-0.086706,-0.042947,0.238303,-0.123716,0.261787,0.087001,-0.119608,0.178444,0.288888,-0.018243,0.231197,0.331009,-0.22861,0.015498,-0.01771,0.12457,-0.240629,0.178366,0.164355,-0.065816,0.261903,-0.124132,-0.330665,-0.259197,0.00959,-0.329767,-0.111146,-0.222628,0.11728,-0.252393,-0.271809,-0.124756,-0.233843,0.014696,0.32955,-0.210254,-0.133429,0.349474,-0.226838,0.084674,0.205236,0.29177,0.121128,0.256862,0.046643,0.143379,-0.332202,-0.266625,0.143658,-0.23653,-0.516636,0.249212,-0.117947,-0.273008,-0.128637,-0.231028,-0.48854,0.038994,-0.009112,-0.525608,-0.156866,0.215045,-0.497788,0.132488,0.225609,-0.5161,0.119147,0.367781,-0.265621,0.228025,0.134277,-0.266069,0.169867,-0.023477,0.00556],
            "animations": [],
            "uvs": [[0.612701,0.666667,0.669052,0.588104,0.75,0.676208,0.625,0.75,0.5,0.823792,0.544052,0.661896,0.588104,0.5,0.387299,0.666667,0.330948,0.588104,0.411896,0.5,0.455948,0.661896,0.375,0.75,0.25,0.676208,0.5,0.607931,0.5,0.5,0.887299,0.666667,0.830948,0.588104,0.911896,0.5,0.955948,0.661896,1,0.823792,0.875,0.75,0.696035,0.5,0.669052,0.411896,0.75,0.323792,0.75,0.5,0.5,0.392069,0.455948,0.338104,0.5,0.176208,0.544052,0.338104,0.303965,0.5,0.25,0.5,0.25,0.323792,0.330948,0.411896,0.112701,0.666667,0.044052,0.661896,0.088104,0.5,0.169052,0.588104,0.125,0.75,0,0.823792,0.887299,0.333333,0.830948,0.411896,0.875,0.25,1,0.176208,0.955948,0.338104,0.75,0.225403,0.625,0.25,0.75,0.176208,0.25,0.225403,0.375,0.25,0.125,0.25,0,0.176208,0.25,0.176208,0.112701,0.333333,0.169052,0.411896,0.044052,0.338104,1,0.392069,1,0.5,1.04405,0.338104,1.0881,0.5,0.803965,0.5,0.612701,0.333333,0.387299,0.333333,0.196035,0.5,1,0.607931,1.04405,0.661896]],
            "normals": [-0.889096,-0.170049,0.424879,-0.801386,-0.521744,0.292367,-0.059023,-0.706839,0.704856,-0.018433,-0.097232,0.995086,-0.026032,0.241981,0.969909,-0.872768,-0.139592,0.467727,-0.917264,-0.325205,0.229804,-0.37965,0.842097,0.383038,-0.24778,0.922452,0.296091,-0.801691,0.560472,0.207678,-0.714805,0.245033,0.654927,-0.087161,0.759148,0.645009,0.030946,0.976501,0.213141,-0.860347,-0.242958,0.448012,-0.956694,-0.167669,0.237861,0.765709,-0.285073,0.576525,0.609241,-0.701865,0.368999,0.86053,-0.475387,0.182928,0.901212,-0.065096,0.428388,-0.704215,-0.670461,0.233497,-0.603717,-0.786798,0.128269,-0.011139,-0.770135,-0.637745,-0.043733,-0.976989,0.208716,-0.98761,-0.006867,0.156621,-0.958708,0.282876,-0.028443,-0.741447,0.015625,-0.670797,-0.942045,-0.308054,0.132817,-0.101627,0.961333,0.255867,0.012299,0.953032,0.302591,0.034852,0.813227,-0.580859,-0.552599,0.831294,0.059664,0.464431,0.824671,0.322733,0.705222,0.396222,0.587909,0.695425,0.665304,0.271523,0.450789,0.862514,0.229835,0.875027,-0.469924,-0.116092,0.642354,-0.764489,0.054079,0.538865,-0.321055,-0.778771,0.756859,0.0318,-0.65276,0.970122,-0.237373,0.049776,-0.023682,-0.057466,-0.998047,-0.550371,-0.382946,-0.741874,0.008515,-0.018006,-0.999786,-0.012329,0.048036,-0.998749,-0.608539,0.371929,-0.700919,0.559191,0.29783,-0.773675,0.884579,0.445998,-0.136143,0.524491,0.839564,0.141301,0.952574,0.303964,0.013977,0.973296,0.029206,0.227638,0.981536,-0.008698,0.191046,0.374706,-0.900876,0.219001,-0.812372,-0.572863,-0.108707,-0.879452,0.456465,-0.134709,0.118107,0.957518,0.262978,0.958159,0.100864,0.2678],
            "skinIndices": [],
            "influencesPerVertex": 2,
            "bones": [],
            "morphTargets": []
        },
        "type": "Geometry"
    }],
    "materials": [{
        "name": "IcosahedronDefault",
        "side": 2,
        "emissive": 0,
        "ambient": 11579568,
        "shininess": 50,
        "specular": 8355711,
        "depthWrite": true,